user_id,username,first_name,last_name,is_bot,role,join_date,group_id
1,alynch,Jonathan,Baker,True,moderator,2025-01-10T02:01:49,100
2,teresawhite,Russell,Galvan,True,admin,2025-01-05T20:00:58,173
3,marshallwilliam,Christina,Holt,True,moderator,2025-01-18T17:58:22,31
4,vegakaren,Lori,Miles,False,member,2025-01-06T12:19:02,137
5,pshah,Autumn,Allen,False,member,2025-01-16T07:42:26,2
6,derrickperez,Angelica,Saunders,True,moderator,2025-01-19T08:41:59,165
7,juan49,Justin,Johnson,False,admin,2025-01-29T00:54:29,185
8,lynchrachel,Christina,Johnson,False,admin,2025-01-02T10:17:40,159
9,huntershelly,Michelle,Price,True,member,2025-01-08T21:16:03,17
10,kelleyallison,William,Watkins,True,moderator,2025-01-21T03:54:14,194
11,rryan,Richard,Juarez,False,member,2025-01-27T21:28:20,191
12,cwoodward,Mitchell,Griffin,True,moderator,2025-01-08T17:15:27,150
13,camposjohn,Jennifer,Rodriguez,True,member,2025-01-17T09:46:09,12
14,mwarren,Rebecca,Morris,False,member,2025-01-18T02:49:29,180
15,pamela60,Tammy,Fritz,False,moderator,2025-01-03T19:05:42,19
16,deleonjohn,Destiny,Sanchez,True,member,2025-01-06T13:30:06,92
17,ggarcia,Joshua,Moreno,False,admin,2025-01-18T18:56:22,129
18,jenniferknight,Frederick,Miller,True,moderator,2025-01-18T00:59:07,28
19,sierra57,Vincent,Hoffman,True,moderator,2025-01-26T02:39:53,75
20,hcunningham,Tammy,Rose,True,moderator,2025-01-06T23:57:54,176
21,leonardmcdonald,Christina,Barnett,True,moderator,2025-01-14T05:20:32,78
22,coleanthony,Jennifer,Harper,True,member,2025-01-25T14:43:32,156
23,lunajohn,Allison,Miller,True,admin,2025-01-20T23:26:17,23
24,wendyalexander,Brandon,Estes,False,member,2025-01-22T18:02:00,73
25,fcasey,Karen,Williams,False,admin,2025-01-16T17:56:18,196
26,zserrano,Sandra,Tate,False,admin,2025-01-21T08:34:26,113
27,davidgreen,Matthew,Carpenter,False,moderator,2025-01-24T11:31:31,98
28,odominguez,Adam,Clay,True,moderator,2025-01-18T13:35:59,102
29,maria93,Cynthia,Berger,False,moderator,2025-01-08T18:36:22,170
30,vperez,William,Boyer,False,admin,2025-01-13T00:28:42,8
31,leerobert,Margaret,Chen,False,admin,2025-01-16T01:24:41,122
32,gabriellewatson,Morgan,Vaughn,True,moderator,2025-01-11T04:00:04,41
33,hortonrobert,Thomas,Berry,True,admin,2025-01-20T12:21:09,137
34,joseph41,Victoria,Baker,False,member,2025-01-01T18:34:04,57
35,ablack,Stephen,Thomas,True,moderator,2025-01-25T19:31:36,35
36,wallssamantha,Deanna,Bean,True,member,2025-01-26T05:41:28,192
37,darrell08,Taylor,Perez,True,member,2025-01-03T00:54:55,101
38,john74,Anna,Ford,False,member,2025-01-23T07:13:55,140
39,bbrown,Jessica,Jordan,False,member,2025-01-05T10:05:20,76
40,matthewsims,Roy,Camacho,False,moderator,2025-01-18T19:37:55,163
41,adam17,April,Brady,False,member,2025-01-15T08:15:52,37
42,marksmith,Rebecca,Steele,True,moderator,2025-01-14T02:46:07,77
43,qsheppard,Paul,Moore,True,moderator,2025-01-27T04:36:49,174
44,tgreen,Connor,Holt,True,member,2025-01-17T12:33:32,187
45,zunigaamy,Jonathan,Stone,True,admin,2025-01-20T09:28:21,166
46,susanrodriguez,Ashley,Russell,False,admin,2025-01-03T20:30:39,96
47,yhardy,David,Carter,False,member,2025-01-03T13:42:15,3
48,michelle99,David,Jones,False,member,2025-01-09T17:29:43,142
49,qjennings,Sarah,Mitchell,True,admin,2025-01-14T05:10:38,143
50,rwilliams,Robert,Stewart,True,moderator,2025-01-18T12:05:56,37
51,kim00,Lori,Daugherty,True,moderator,2025-01-29T07:01:36,32
52,landryjillian,Cheryl,Velasquez,True,moderator,2025-01-07T15:55:58,11
53,zwells,Ashley,King,False,moderator,2025-01-25T08:18:53,2
54,steve43,Cristian,Williams,False,member,2025-01-20T05:46:13,147
55,kjohns,Michele,Martin,True,admin,2025-01-24T11:17:06,153
56,qclarke,Lindsey,Contreras,True,member,2025-01-03T16:14:38,101
57,aprilharrison,Samuel,Aguirre,False,member,2025-01-15T05:16:30,138
58,eric12,Erin,Love,True,moderator,2025-01-07T06:01:10,141
59,paul74,Nancy,Mcfarland,True,admin,2025-01-25T12:48:42,22
60,weaverkevin,Sarah,Wright,False,admin,2025-01-01T04:12:22,79
61,dean74,Brittany,Stewart,True,moderator,2025-01-24T14:58:56,54
62,zacharyferguson,Christine,Choi,True,member,2025-01-25T12:02:14,192
63,jonesheidi,Robert,Anderson,True,member,2025-01-11T03:00:52,190
64,mayercharles,Christopher,Murphy,False,member,2025-01-08T09:18:44,186
65,kristinsingleton,Linda,Garcia,True,admin,2025-01-03T08:12:16,89
66,lanebrett,Eric,Perkins,False,member,2025-01-04T04:47:00,55
67,ykennedy,Pamela,Ryan,True,member,2025-01-11T03:02:47,106
68,robertkennedy,Rachel,Keller,True,member,2025-01-15T21:00:47,166
69,amanda40,Shane,Valdez,False,member,2025-01-20T16:06:03,132
70,anthonytrujillo,Latoya,Fernandez,False,member,2025-01-21T04:40:04,37
71,norr,Cindy,James,False,moderator,2025-01-28T12:51:14,42
72,christine94,Darren,Snyder,True,moderator,2025-01-12T04:35:01,48
73,vpaul,Joshua,Glover,True,admin,2025-01-05T10:14:38,57
74,ygraham,Amanda,Hudson,False,admin,2025-01-25T03:19:16,158
75,wmcgrath,Shelly,Grant,True,admin,2025-01-20T13:33:00,65
76,mhansen,Jose,Dorsey,True,member,2025-01-19T08:29:41,50
77,mark36,Jeremy,Barry,False,moderator,2025-01-22T14:17:17,30
78,lisajohnston,Deborah,Johnson,True,member,2025-01-04T00:43:38,47
79,braygeorge,Holly,Roth,True,member,2025-01-03T12:16:41,172
80,joshua40,Juan,Martin,False,member,2025-01-04T20:34:19,146
81,matthewlozano,Rhonda,Curry,False,moderator,2025-01-11T10:15:19,14
82,scottdorsey,Tamara,Patterson,False,member,2025-01-12T15:27:26,193
83,ofloyd,William,Jenkins,True,moderator,2025-01-19T18:06:17,141
84,cbradley,Robert,Ward,False,moderator,2025-01-29T01:59:05,119
85,daniellemiller,Jessica,Moore,False,admin,2025-01-12T07:27:49,166
86,robinsondaniel,Daniel,Lee,False,admin,2025-01-14T09:13:27,141
87,kmyers,Kimberly,Owens,True,member,2025-01-25T08:30:09,19
88,david03,Ann,Mcgee,False,admin,2025-01-02T12:33:47,75
89,katherine89,Kenneth,Collins,False,member,2025-01-07T21:02:51,172
90,batesrobert,Phyllis,Tate,False,moderator,2025-01-06T06:41:18,18
91,stephanie16,Alyssa,Miller,True,member,2025-01-16T22:31:56,65
92,nguyenlauren,Riley,Greene,False,moderator,2025-01-17T20:59:11,26
93,emily23,Juan,Graves,True,member,2025-01-09T03:54:10,51
94,larsonelizabeth,Jermaine,Sullivan,False,admin,2025-01-15T12:54:59,186
95,glane,Megan,Fuller,True,moderator,2025-01-13T21:25:03,149
96,pamela55,Matthew,Nelson,True,admin,2025-01-27T12:25:24,125
97,mguerra,Kimberly,Moore,True,admin,2025-01-25T17:31:40,85
98,paulsilva,Joshua,Zavala,False,member,2025-01-03T20:54:37,92
99,zcarter,Cindy,Wright,True,moderator,2025-01-24T17:53:15,33
100,wpruitt,Bailey,Nichols,False,moderator,2025-01-03T13:47:53,172
101,karen11,Samantha,Santos,True,member,2025-01-23T03:08:23,168
102,patrick70,Stephanie,Galloway,False,admin,2025-01-16T11:08:33,61
103,williamsanthony,Mariah,Hayes,False,moderator,2025-01-02T14:53:44,26
104,travis20,Alexis,Thompson,False,moderator,2025-01-10T06:54:44,73
105,patrick29,John,Mahoney,True,admin,2025-01-07T16:16:06,159
106,joelbrooks,Cassandra,West,True,admin,2025-01-09T00:17:55,18
107,dmitchell,Andrew,Gonzales,True,admin,2025-01-10T14:26:27,50
108,crossmargaret,John,Hernandez,False,admin,2025-01-03T14:41:33,82
109,gallegosrobert,Patrick,Allen,False,admin,2025-01-22T13:16:19,125
110,larrydiaz,Linda,Mills,False,admin,2025-01-02T20:40:43,116
111,riveragloria,Amanda,Miller,False,admin,2025-01-23T08:45:54,85
112,ykelly,Katie,Harris,True,member,2025-01-20T23:11:32,158
113,megan44,Ashley,Mora,True,admin,2025-01-23T23:19:06,169
114,matthewdean,Connor,Gregory,True,member,2025-01-26T15:06:16,79
115,richardsoncody,Benjamin,Becker,True,moderator,2025-01-08T23:14:09,178
116,caleb06,Nancy,Martin,False,admin,2025-01-06T14:01:53,150
117,williamsnicole,Amy,Case,False,member,2025-01-07T22:07:49,40
118,fwells,Crystal,Morton,False,member,2025-01-22T04:38:08,145
119,kara28,Cody,Ellis,True,member,2025-01-15T19:27:35,146
120,anndunn,Cody,Shea,True,moderator,2025-01-18T09:58:32,94
121,christophergriffin,Shawn,Martin,True,member,2025-01-01T02:37:53,81
122,dunlapjennifer,Christopher,Cooper,False,moderator,2025-01-28T17:36:25,110
123,tstewart,Christina,Gray,True,admin,2025-01-22T15:57:52,44
124,mtaylor,Bobby,Lewis,False,moderator,2025-01-27T05:36:32,2
125,phelpsthomas,Dana,Miller,False,admin,2025-01-20T01:23:38,81
126,lestershane,Jesse,Reese,True,admin,2025-01-17T06:55:57,64
127,sandra66,Miranda,Lawson,False,member,2025-01-05T20:16:20,57
128,mathisrenee,Tina,Brown,False,member,2025-01-15T01:53:47,183
129,michael90,Diane,Brooks,False,moderator,2025-01-07T15:52:47,190
130,nancywood,Kathy,Price,True,member,2025-01-06T21:57:08,165
131,sarahdavis,Melissa,Scott,True,admin,2025-01-27T22:13:41,112
132,cheryl98,Tina,Wiggins,True,member,2025-01-27T02:30:25,71
133,mcguireerik,Nicholas,Cardenas,False,moderator,2025-01-07T02:07:43,93
134,myerscarl,Vernon,Reid,True,moderator,2025-01-25T21:57:11,35
135,oallen,Joyce,Boyd,True,member,2025-01-21T06:17:20,174
136,macksarah,Jennifer,Frank,False,member,2025-01-27T22:01:55,188
137,eric28,Marc,Fisher,False,admin,2025-01-11T08:15:38,85
138,hwang,Craig,Page,False,member,2025-01-18T23:48:18,123
139,thill,Wanda,Hamilton,False,moderator,2025-01-08T22:07:49,119
140,ariana39,John,Patel,True,moderator,2025-01-27T12:21:56,115
141,jonathan73,Luke,Sanchez,True,admin,2025-01-26T19:10:06,92
142,vmoreno,Amanda,Gentry,True,member,2025-01-09T08:21:01,199
143,dominic93,Julie,Cervantes,False,admin,2025-01-01T16:24:35,79
144,fbrown,Gabriel,West,False,member,2025-01-15T05:11:42,125
145,nelsoncarrie,Thomas,Wolf,False,admin,2025-01-12T22:06:55,142
146,vhenry,Jesus,Rodriguez,False,admin,2025-01-27T00:43:22,28
147,castrojeffrey,Brandon,Wilson,False,moderator,2025-01-14T16:27:35,45
148,stephenprice,Wayne,Frost,True,admin,2025-01-02T08:38:32,166
149,rachel44,Robert,Armstrong,False,admin,2025-01-05T07:39:46,156
150,sjones,Christopher,Richard,False,moderator,2025-01-09T06:37:36,21
151,pagedavid,Bradley,Lopez,True,admin,2025-01-02T22:59:50,72
152,crystalmiller,Christina,Nelson,False,moderator,2025-01-05T14:52:08,36
153,gary79,Mackenzie,Johnson,True,admin,2025-01-16T16:41:32,138
154,kmoore,Michelle,Padilla,False,member,2025-01-24T07:35:48,51
155,coreywilliamson,Melanie,Garcia,True,moderator,2025-01-27T22:41:16,68
156,emily86,Ryan,Rivera,True,member,2025-01-06T15:12:32,188
157,teresareid,William,Oneal,False,moderator,2025-01-26T18:00:49,161
158,michele80,Kathryn,Davis,True,admin,2025-01-01T07:07:23,20
159,renee41,Leah,Zimmerman,False,moderator,2025-01-02T04:00:55,187
160,wdoyle,Randall,Johns,False,admin,2025-01-20T11:41:53,20
161,michael96,William,Haynes,False,member,2025-01-14T01:11:53,5
162,ufoster,Breanna,Frye,False,admin,2025-01-15T10:58:37,130
163,fnelson,Laura,Juarez,False,moderator,2025-01-05T04:58:09,162
164,michael96,David,Boyle,False,admin,2025-01-28T07:16:02,8
165,cynthiaanderson,Angelica,Nelson,False,moderator,2025-01-16T14:13:17,149
166,andrea28,Heather,Taylor,True,admin,2025-01-05T06:27:45,149
167,michael79,Matthew,Krueger,False,admin,2025-01-23T09:03:50,104
168,sarah52,Laura,Lewis,False,member,2025-01-24T02:51:32,197
169,jonathonjames,Luis,Roberts,True,moderator,2025-01-07T05:57:11,152
170,audrey72,Jessica,Bennett,False,member,2025-01-21T15:54:12,55
171,nscott,Brenda,Mcgee,False,moderator,2025-01-04T05:33:28,10
172,dannyking,Jacob,Melton,True,moderator,2025-01-20T11:56:20,142
173,michaellester,Rebecca,Hall,False,moderator,2025-01-01T20:43:34,67
174,alyssaholden,Monica,Rivera,False,member,2025-01-05T10:40:41,140
175,martinnancy,Benjamin,Smith,False,member,2025-01-12T00:14:23,139
176,michelleellison,Samuel,Johnson,False,member,2025-01-14T19:36:57,121
177,jason17,Bryan,Schaefer,True,member,2025-01-12T06:19:22,168
178,mark91,Brittany,Adams,False,member,2025-01-03T16:53:22,199
179,thompsonjoshua,John,Knox,False,member,2025-01-24T18:57:22,39
180,npowell,Valerie,Welch,False,admin,2025-01-13T22:19:33,94
181,christopherdiaz,Paul,Hernandez,False,member,2025-01-13T22:53:14,101
182,smithjames,Monica,Winters,False,member,2025-01-24T10:55:16,58
183,patrick63,Cheryl,Torres,True,moderator,2025-01-21T00:23:16,198
184,rodriguezrobert,Steve,Clark,True,moderator,2025-01-22T12:36:41,151
185,sserrano,Tyler,Turner,True,moderator,2025-01-03T08:33:32,188
186,kelsey25,Joshua,Watkins,True,member,2025-01-09T01:00:56,75
187,elizabethlong,Stephanie,Rojas,False,moderator,2025-01-23T14:13:52,35
188,vargaslisa,Ashley,Gallagher,True,admin,2025-01-02T20:44:04,119
189,ymayer,Robert,Cochran,False,admin,2025-01-21T04:01:28,129
190,davisrebecca,Philip,Reed,False,moderator,2025-01-05T13:32:16,131
191,keith25,Beverly,Estes,True,moderator,2025-01-03T04:17:26,24
192,robert32,James,Rice,False,member,2025-01-27T15:47:27,102
193,sstevens,Danielle,Foster,False,moderator,2025-01-27T18:10:34,94
194,ianlivingston,Warren,Brady,True,moderator,2025-01-08T12:42:20,129
195,yholt,Brianna,Gray,False,moderator,2025-01-01T08:31:45,3
196,kathleen89,Randall,Terrell,True,moderator,2025-01-15T10:30:26,170
197,patricia18,Mary,Manning,False,member,2025-01-11T06:25:11,62
198,shepherdbrenda,Jennifer,Peterson,True,member,2025-01-08T20:28:26,158
199,iestrada,Shelly,Gibson,False,moderator,2025-01-20T11:47:57,176
200,wendy24,Norma,Ponce,False,admin,2025-01-04T17:35:33,43
201,rachelhess,Kristina,Rodriguez,True,member,2025-01-26T02:41:13,194
202,samanthahernandez,John,Davila,False,admin,2025-01-23T23:22:26,132
203,kristengriffin,James,Greene,False,member,2025-01-29T01:39:59,36
204,thompsongilbert,Nicholas,Young,False,member,2025-01-22T00:38:28,115
205,edwardswhitney,Douglas,Stanley,False,moderator,2025-01-20T12:31:55,41
206,kbradley,Amber,Berry,True,member,2025-01-03T03:25:31,46
207,julie58,Susan,Oneill,False,member,2025-01-17T11:30:57,145
208,wjacobs,Kelly,Weaver,True,member,2025-01-20T03:59:17,145
209,mmartinez,Larry,Martinez,True,moderator,2025-01-20T04:06:18,169
210,megan68,Jessica,Phillips,True,moderator,2025-01-03T04:03:15,38
211,justinholmes,Zachary,Gutierrez,False,moderator,2025-01-12T11:29:07,189
212,murphybryan,Miguel,Rivera,True,member,2025-01-03T21:48:37,188
213,catherinelogan,Lisa,Johnson,True,admin,2025-01-05T08:20:21,124
214,melinda02,Eric,Hays,False,admin,2025-01-22T00:59:08,92
215,jason57,Tiffany,Richardson,False,moderator,2025-01-26T04:59:41,11
216,bullockjason,Kelly,Estes,False,admin,2025-01-16T11:58:21,57
217,amygarza,Brian,Kennedy,True,admin,2025-01-19T04:20:16,195
218,patricksherry,Ryan,Williams,True,moderator,2025-01-18T09:14:11,125
219,zfox,Kimberly,Steele,True,member,2025-01-22T16:27:45,60
220,greenstacey,Brandon,Jenkins,False,moderator,2025-01-26T08:38:11,17
221,qmcdowell,Eric,Walker,True,member,2025-01-06T18:19:08,68
222,jennifergonzalez,Kelly,King,True,moderator,2025-01-23T20:00:56,95
223,tracy12,Eric,Weaver,False,admin,2025-01-13T12:39:09,60
224,sandrashields,Anthony,Huerta,False,moderator,2025-01-06T17:00:36,11
225,martinezwilliam,David,Taylor,False,admin,2025-01-28T22:04:14,172
226,kevinwilliams,Christian,Reeves,False,moderator,2025-01-07T15:49:14,53
227,heather84,Jennifer,Rodriguez,True,member,2025-01-08T22:22:30,133
228,jordandawn,Melissa,Singh,False,member,2025-01-08T23:37:33,93
229,charlessalas,Jessica,Cox,True,member,2025-01-20T13:05:13,100
230,nwilliams,Jose,Hoffman,False,member,2025-01-18T16:18:48,121
231,jeffreysimon,Erin,Cooke,True,member,2025-01-12T11:18:41,117
232,nicholashall,Mike,Mcintyre,False,member,2025-01-03T16:05:15,12
233,melissa76,Nicholas,Gray,False,moderator,2025-01-02T22:30:35,11
234,gloria50,Kaitlin,Simpson,True,admin,2025-01-14T03:41:14,167
235,daniel68,Samantha,Rose,True,moderator,2025-01-03T21:09:57,83
236,jennifer02,Carl,Nguyen,True,moderator,2025-01-11T03:34:47,27
237,nancy11,Heather,Davis,False,moderator,2025-01-25T07:08:30,181
238,brianna63,Joseph,Rose,False,admin,2025-01-28T08:39:43,134
239,sean90,Ronald,Cox,False,member,2025-01-27T12:51:57,163
240,clevy,Christopher,Cole,False,moderator,2025-01-11T08:36:59,71
241,areed,Timothy,Sims,True,moderator,2025-01-07T13:32:32,190
242,dmartin,Jason,Rodriguez,False,admin,2025-01-26T09:32:07,68
243,dbutler,Hayden,Brown,False,moderator,2025-01-22T07:59:27,149
244,sanderson,Gary,Carey,False,moderator,2025-01-05T06:05:51,140
245,kmartin,Adam,Long,True,moderator,2025-01-13T14:31:36,146
246,maddoxrebecca,Bradley,Carr,False,member,2025-01-22T08:22:32,45
247,gonzalezchristopher,Paul,Marshall,False,moderator,2025-01-27T04:43:05,97
248,sdurham,David,Ramirez,False,member,2025-01-03T16:53:49,168
249,doris98,Gene,Chung,True,moderator,2025-01-08T00:57:48,97
250,millerheather,Ronald,Everett,False,member,2025-01-25T13:26:31,94
251,turnertaylor,David,Keith,True,admin,2025-01-06T16:51:06,151
252,briggssandra,Tiffany,Valdez,True,moderator,2025-01-07T15:01:41,168
253,margaretmaxwell,Ray,Williams,True,moderator,2025-01-16T22:07:50,20
254,greenbelinda,Jeffrey,Medina,False,admin,2025-01-18T14:44:51,133
255,guzmanmichael,Jason,Gardner,True,member,2025-01-01T17:25:53,65
256,mendozachristopher,Christy,Mcdonald,True,admin,2025-01-25T16:29:00,97
257,zacharycantrell,Linda,Jones,True,member,2025-01-02T22:16:02,58
258,mitchellmichael,Jason,Barron,True,admin,2025-01-11T18:37:11,133
259,jerryalvarez,James,Roberts,True,moderator,2025-01-21T01:00:35,104
260,jake85,April,Ramos,False,member,2025-01-22T07:42:56,91
261,graydavid,Bradley,Atkinson,False,moderator,2025-01-07T04:21:11,89
262,rebecca57,Jerry,Drake,False,moderator,2025-01-20T15:14:23,125
263,sara20,Reginald,Stewart,True,admin,2025-01-06T15:05:01,124
264,johnmccullough,Joseph,Lane,False,moderator,2025-01-02T03:20:19,155
265,smithnicholas,Elizabeth,Fletcher,True,member,2025-01-28T00:07:17,2
266,andersonkaren,Vanessa,Salas,True,moderator,2025-01-13T17:45:10,129
267,bfarrell,Devin,Reid,False,admin,2025-01-09T21:23:15,36
268,markmartin,Sean,Caldwell,False,admin,2025-01-27T17:10:58,113
269,hkemp,Desiree,Goodwin,True,member,2025-01-04T08:59:19,43
270,michaelowens,Andrew,Morris,True,admin,2025-01-10T02:24:38,59
271,william00,Shawn,Garcia,False,moderator,2025-01-04T13:56:37,20
272,johnsgeorge,Christina,Sullivan,False,member,2025-01-01T20:41:24,132
273,ronnie39,Jonathan,Stewart,False,member,2025-01-16T02:47:47,165
274,heather36,Gregg,Dominguez,True,member,2025-01-18T07:21:28,72
275,longbrian,Jennifer,Jacobson,True,member,2025-01-19T04:49:13,55
276,lancearnold,Kayla,Sanchez,True,member,2025-01-15T09:07:11,39
277,kimberly37,Wesley,West,False,moderator,2025-01-23T12:52:13,48
278,kallen,Ashley,Farrell,True,member,2025-01-20T00:10:41,41
279,veronicaleblanc,Elizabeth,Wilkerson,True,member,2025-01-19T01:25:27,93
280,torresmark,Christopher,Silva,True,admin,2025-01-26T07:15:58,155
281,howardmelissa,Kristi,Camacho,False,member,2025-01-24T19:24:20,184
282,wilsonnicole,Monica,Sandoval,False,admin,2025-01-06T06:17:31,31
283,greggibbs,Krista,Haney,True,moderator,2025-01-17T12:05:03,170
284,jessica53,Melissa,Smith,False,moderator,2025-01-21T16:16:58,59
285,jennifer94,Alyssa,Richardson,True,moderator,2025-01-09T22:30:27,107
286,joshua58,Dominique,Cole,False,moderator,2025-01-25T18:30:49,85
287,hugheslarry,Holly,Garcia,False,admin,2025-01-05T01:36:37,185
288,aliceshelton,Richard,Robles,False,member,2025-01-01T23:51:01,30
289,tarahudson,Donna,Ball,False,admin,2025-01-20T02:01:15,124
290,rhondabaldwin,Diana,Benton,False,moderator,2025-01-18T17:57:51,173
291,edwardsdavid,Kara,Patrick,True,admin,2025-01-04T14:57:02,123
292,blackwelleric,William,Murray,False,moderator,2025-01-04T03:46:00,123
293,melissa18,Aaron,Everett,False,member,2025-01-26T18:38:22,54
294,ssanders,Ronald,Hall,False,moderator,2025-01-21T02:18:57,152
295,nsilva,Juan,Wallace,True,member,2025-01-22T12:22:20,42
296,gregoryford,Brandon,Roth,False,member,2025-01-05T01:38:11,166
297,staceyflores,David,Parker,True,admin,2025-01-21T20:33:40,106
298,figueroajames,Michael,Solis,True,admin,2025-01-03T02:37:06,6
299,oholden,Cassie,Anderson,False,admin,2025-01-26T03:21:03,63
300,cynthiaharris,Derrick,Crawford,True,admin,2025-01-08T17:37:54,12
301,albertdaniels,Kristen,Ponce,True,member,2025-01-05T21:12:55,33
302,andrew57,David,Carroll,False,member,2025-01-26T11:41:14,147
303,lrussell,Melanie,Banks,True,moderator,2025-01-25T06:23:47,152
304,stephenrivera,Alexandra,Cowan,True,member,2025-01-28T15:45:23,42
305,jenniferdavis,Rodney,Winters,False,admin,2025-01-02T08:51:04,35
306,charlesbaker,Matthew,Santos,True,member,2025-01-02T23:57:23,162
307,williamsjudith,Victor,Good,False,moderator,2025-01-14T00:01:07,132
308,john76,Christopher,Brown,False,admin,2025-01-25T08:53:16,11
309,uturner,Nancy,Morales,True,admin,2025-01-06T16:21:50,147
310,phamerica,Michael,Fuentes,False,member,2025-01-27T14:58:49,38
311,nealkelly,Andrea,Obrien,False,member,2025-01-03T17:19:04,15
312,harrisjared,Michelle,Garrison,True,moderator,2025-01-18T05:48:38,43
313,stephanie11,Wendy,Irwin,False,admin,2025-01-11T08:15:44,67
314,david86,Christopher,Oconnor,True,member,2025-01-04T08:07:54,47
315,hollowaylance,Jared,Thompson,True,moderator,2025-01-14T19:58:59,133
316,rodriguezvalerie,Jeremy,Rogers,False,admin,2025-01-17T01:21:34,104
317,joshuadennis,Douglas,Ponce,False,admin,2025-01-10T19:41:15,154
318,maria26,Eric,Villanueva,True,member,2025-01-13T04:43:56,145
319,ealvarez,Wendy,Taylor,True,member,2025-01-16T07:42:25,164
320,cortezryan,Jeremy,Hartman,False,admin,2025-01-17T20:51:17,5
321,ykerr,Jaime,Estes,False,admin,2025-01-20T03:34:55,185
322,april31,Heather,Conley,True,moderator,2025-01-02T17:39:05,187
323,lanemichael,Deborah,Johnson,False,admin,2025-01-05T15:53:27,170
324,gaymichael,Jordan,Craig,True,member,2025-01-06T06:34:11,73
325,heather60,Vanessa,Johnson,False,admin,2025-01-18T10:15:32,22
326,georgecurtis,Carrie,King,True,admin,2025-01-15T03:24:46,56
327,gilldavid,Todd,Jones,True,moderator,2025-01-29T07:46:24,115
328,lunamichelle,Cheryl,Quinn,False,member,2025-01-14T13:45:02,156
329,gina44,Michael,Kelly,False,moderator,2025-01-17T20:52:47,121
330,toddalexander,Vicki,Evans,False,member,2025-01-25T20:01:59,124
331,shelly00,Thomas,Brewer,False,member,2025-01-18T15:11:30,44
332,xadams,Kyle,Palmer,False,member,2025-01-24T03:24:34,57
333,kristine97,Corey,Smith,False,member,2025-01-20T07:27:37,106
334,jacobsonkevin,Michelle,Adams,False,member,2025-01-22T15:18:25,154
335,teresaburke,Maria,Hernandez,True,admin,2025-01-12T17:48:06,37
336,austin74,Susan,White,True,admin,2025-01-14T00:38:43,150
337,ethanvasquez,Nancy,Cline,True,moderator,2025-01-23T08:01:58,197
338,aguirrealicia,Zachary,Flores,True,admin,2025-01-19T18:38:19,47
339,emcgrath,Sherri,Allen,False,moderator,2025-01-27T08:57:19,160
340,michele36,John,Duffy,True,member,2025-01-01T12:16:59,169
341,christina17,Kimberly,Smith,False,admin,2025-01-06T07:19:39,131
342,ljuarez,Anthony,Sutton,True,member,2025-01-08T17:15:52,68
343,rdawson,William,Spencer,False,moderator,2025-01-18T09:02:18,43
344,adamsandrea,Kathleen,Ponce,True,admin,2025-01-06T02:54:36,186
345,maldonadocory,Timothy,Russell,False,admin,2025-01-17T23:04:26,176
346,kevin52,Katie,Kim,False,moderator,2025-01-25T22:24:23,88
347,gashley,Lindsay,Turner,True,admin,2025-01-18T14:35:19,117
348,michellegolden,Stephanie,Johnson,True,moderator,2025-01-05T15:33:31,153
349,hbarker,Robert,Turner,False,moderator,2025-01-08T03:36:19,152
350,jennifer79,Billy,Rasmussen,False,admin,2025-01-09T21:23:07,18
351,arellanojenny,Robert,Bell,True,admin,2025-01-04T00:54:10,59
352,garrisonjennifer,Angela,Sullivan,False,moderator,2025-01-22T17:26:34,97
353,wryan,Krista,Peterson,True,member,2025-01-26T03:55:17,99
354,greencourtney,Robert,Chambers,False,member,2025-01-26T09:09:42,34
355,richardsdenise,Linda,Hernandez,True,admin,2025-01-25T02:30:45,28
356,rachelhopkins,Tyler,Moore,True,admin,2025-01-20T09:51:20,5
357,warren82,Jessica,Reynolds,False,member,2025-01-13T07:31:41,52
358,colecarrillo,Brett,Berry,True,moderator,2025-01-02T00:43:18,134
359,rodriguezerika,Timothy,Barajas,False,moderator,2025-01-28T06:22:25,130
360,glasskayla,Angela,Scott,False,member,2025-01-03T05:48:31,176
361,samuel82,Patricia,Baker,False,admin,2025-01-22T21:22:38,108
362,lisaweaver,Matthew,Wagner,True,admin,2025-01-27T19:10:49,39
363,jareddavis,Jack,Waters,False,admin,2025-01-24T00:33:26,156
364,tmcgee,Christina,Larson,True,member,2025-01-11T02:41:44,25
365,lopezsheryl,Austin,Werner,True,member,2025-01-22T06:32:26,46
366,morrislisa,Kathleen,Salazar,True,member,2025-01-09T12:15:33,122
367,nicolas52,Ashley,Tucker,False,moderator,2025-01-22T11:16:22,158
368,wellscraig,Jessica,Miles,False,moderator,2025-01-23T01:17:29,154
369,lisa08,Sally,Chandler,True,moderator,2025-01-16T14:28:08,10
370,dtaylor,Craig,Bishop,True,moderator,2025-01-17T03:32:34,137
371,baileymichael,Rachael,Ibarra,True,member,2025-01-10T04:00:24,129
372,oarmstrong,Timothy,Decker,True,member,2025-01-21T06:05:20,193
373,wendyromero,Catherine,Arnold,True,moderator,2025-01-22T07:29:26,31
374,aaronrangel,Katherine,Lowe,False,admin,2025-01-10T11:08:25,24
375,myoung,Ryan,Olsen,False,member,2025-01-16T01:41:47,124
376,matthew64,Christina,Hernandez,True,member,2025-01-22T14:52:46,169
377,kevinhatfield,Alyssa,Hughes,False,member,2025-01-16T23:45:50,34
378,elizabethharris,Adam,Thompson,False,admin,2025-01-09T11:12:16,155
379,michaelsmith,Debra,Ballard,False,admin,2025-01-12T09:45:22,139
380,wisechristy,James,Hall,False,member,2025-01-08T12:28:44,1
381,hfranklin,Diana,Moore,True,admin,2025-01-14T12:33:19,199
382,alvaradodenise,Henry,Simon,True,admin,2025-01-01T18:30:33,174
383,blong,Brandon,Combs,False,admin,2025-01-19T03:53:35,167
384,jocelynhopkins,Sharon,Harrison,True,moderator,2025-01-25T13:49:50,111
385,morganchristine,Abigail,Fry,False,admin,2025-01-26T05:33:05,134
386,xbradley,Taylor,Bryant,True,admin,2025-01-06T01:49:04,108
387,fbrown,Karen,Wheeler,True,moderator,2025-01-04T21:34:15,95
388,mjohnson,Steven,Fisher,True,admin,2025-01-07T01:51:32,12
389,martintammy,Carrie,Anderson,True,moderator,2025-01-09T02:29:14,179
390,james04,Lori,Anderson,False,moderator,2025-01-02T03:05:24,136
391,iboyd,Kevin,Cooper,True,admin,2025-01-02T05:09:56,110
392,popejoseph,Brian,Carpenter,False,admin,2025-01-08T18:36:45,59
393,melvin75,John,Carroll,False,member,2025-01-22T20:27:05,124
394,kyle99,Joseph,Williams,True,moderator,2025-01-12T03:13:01,197
395,johnsonmatthew,James,Hernandez,False,moderator,2025-01-23T22:50:41,98
396,lescobar,Katherine,Murphy,False,admin,2025-01-17T08:18:42,90
397,rclark,Sarah,Martinez,False,member,2025-01-12T12:02:09,151
398,derricksmith,Caitlyn,Cook,False,moderator,2025-01-02T12:23:12,190
399,suzanne01,Kathleen,Charles,True,member,2025-01-23T22:13:17,195
400,scottnathan,Yvonne,Hart,True,moderator,2025-01-03T23:35:31,179
401,jameshobbs,Lucas,Young,False,moderator,2025-01-24T08:49:36,148
402,perkinspatrick,Austin,Butler,False,admin,2025-01-06T05:32:53,26
403,kevin54,Michael,Pierce,False,moderator,2025-01-25T07:37:02,109
404,montgomerycynthia,Angela,Kim,False,admin,2025-01-25T11:08:43,35
405,karen79,Todd,Williams,False,moderator,2025-01-08T07:03:01,66
406,umorris,Jonathan,Dennis,False,admin,2025-01-06T09:31:01,123
407,andre03,Christina,Johns,True,moderator,2025-01-24T02:54:53,197
408,thomas46,Isaac,Hicks,True,admin,2025-01-05T20:59:56,60
409,jasonconner,Robert,Powers,False,admin,2025-01-09T12:18:40,22
410,charles19,Michael,King,False,moderator,2025-01-09T09:27:26,73
411,dsmith,Jennifer,Aguilar,True,admin,2025-01-05T03:47:18,154
412,pamela67,Brian,Jordan,False,member,2025-01-02T05:50:10,140
413,nathanielkrause,Jessica,Hendricks,True,member,2025-01-04T05:50:54,105
414,leslie58,Mary,Jordan,False,member,2025-01-10T17:09:44,66
415,josepheverett,Kimberly,Calhoun,True,admin,2025-01-13T21:25:06,49
416,richardsrobert,Andrea,Padilla,False,moderator,2025-01-17T07:27:50,2
417,donald92,Daniel,Allen,False,member,2025-01-19T13:53:45,182
418,jon65,James,Garza,False,member,2025-01-16T21:39:12,191
419,marcjenkins,Jeffrey,Bruce,False,moderator,2025-01-22T06:37:20,2
420,wilkersonmichael,Yolanda,Ruiz,False,admin,2025-01-26T13:16:37,148
421,talexander,Ashley,Price,True,admin,2025-01-27T14:31:59,134
422,daviskenneth,Stephanie,Keller,False,moderator,2025-01-13T11:20:56,31
423,wsmith,Maria,Olson,False,moderator,2025-01-06T04:23:57,134
424,allenandrew,Jeffrey,Holland,True,moderator,2025-01-17T06:23:19,2
425,hendersontony,Mary,Reynolds,True,admin,2025-01-15T06:47:43,97
426,garywelch,Amanda,Phillips,True,member,2025-01-26T07:32:48,168
427,teresanichols,James,Calhoun,False,member,2025-01-07T22:00:30,53
428,joshua57,Jennifer,Mccoy,True,moderator,2025-01-12T23:12:56,177
429,webbphilip,Joshua,Stevenson,True,admin,2025-01-22T13:28:00,81
430,trankathryn,Kaitlin,Hawkins,True,moderator,2025-01-09T13:47:54,105
431,brittanyruiz,Jennifer,Johnson,False,moderator,2025-01-17T22:56:05,93
432,lbecker,Ronald,Ward,False,member,2025-01-17T07:44:06,28
433,xsilva,Scott,Miller,True,moderator,2025-01-02T09:50:00,40
434,alisonpeters,Elizabeth,Arias,False,moderator,2025-01-09T07:42:42,110
435,connie26,Eric,Robinson,True,moderator,2025-01-11T08:39:09,167
436,edwardsrobert,Jacqueline,Gonzalez,True,admin,2025-01-13T13:36:17,150
437,lmeyers,Elizabeth,Hardy,False,member,2025-01-13T22:36:25,65
438,mercedeswoods,Nancy,Miranda,True,admin,2025-01-13T20:08:09,67
439,bschneider,Robert,Jennings,False,moderator,2025-01-13T01:14:30,138
440,xgibbs,Stephanie,Chambers,True,moderator,2025-01-08T16:22:22,109
441,christopher85,Trevor,Cherry,False,moderator,2025-01-18T03:23:44,145
442,michaelleach,John,Campos,False,admin,2025-01-27T18:04:41,94
443,kendrareed,Ryan,Hodge,True,member,2025-01-11T23:41:44,157
444,vjoseph,Joshua,Daniels,False,admin,2025-01-06T07:47:28,71
445,lecody,Elizabeth,Davis,True,admin,2025-01-12T05:10:24,175
446,andrew78,Paula,Soto,True,member,2025-01-15T08:16:05,102
447,ernestbridges,Kimberly,Park,False,admin,2025-01-25T15:21:43,194
448,jose83,Sean,Mckay,False,moderator,2025-01-29T00:46:55,53
449,michelle48,Lisa,Williamson,True,admin,2025-01-21T08:40:51,106
450,dalewilliams,Brittany,Thomas,False,member,2025-01-23T21:26:19,142
451,swansonkendra,Jasmin,Stout,True,moderator,2025-01-26T20:19:13,143
452,wilsondiane,Mathew,Haynes,True,admin,2025-01-04T11:54:03,124
453,umora,Erica,Schmidt,True,member,2025-01-01T14:13:34,46
454,ojohnson,Jennifer,Williams,True,moderator,2025-01-07T08:10:11,95
455,marysanchez,Kayla,Miller,False,member,2025-01-12T13:10:27,144
456,laurie89,Beth,Stevens,True,member,2025-01-07T07:11:14,143
457,colleen95,Richard,Chase,True,admin,2025-01-27T05:04:03,124
458,zadkins,Allen,Andrews,True,admin,2025-01-08T16:33:37,65
459,luisbrown,Madeline,Chan,False,moderator,2025-01-20T21:57:52,79
460,lopezjoseph,Jill,West,True,member,2025-01-16T06:03:08,148
461,dylanwalker,Laura,Harris,True,admin,2025-01-06T06:36:15,89
462,francesrobinson,Johnny,Silva,False,moderator,2025-01-24T14:35:41,199
463,rmelton,William,Nelson,True,member,2025-01-02T21:20:08,181
464,vicki98,Tyler,Morales,False,member,2025-01-10T03:47:49,102
465,pmoore,Katrina,Porter,True,admin,2025-01-01T13:58:15,189
466,mikeadams,Erin,Williams,False,admin,2025-01-16T09:17:50,36
467,kwilliams,Shelly,Martin,True,admin,2025-01-03T17:00:15,169
468,shannonhancock,Donna,Hutchinson,True,moderator,2025-01-15T20:37:53,31
469,joseph32,Katrina,Chambers,False,admin,2025-01-20T15:38:48,192
470,adam67,Michele,Hudson,True,admin,2025-01-13T11:48:48,59
471,kathycurtis,Jacqueline,Cole,True,moderator,2025-01-21T21:57:57,115
472,robert53,Tracy,Dodson,True,moderator,2025-01-25T22:23:06,180
473,blakechristopher,Joanna,Schneider,False,member,2025-01-05T14:19:07,42
474,wheelerjohn,Gerald,Howard,False,admin,2025-01-25T04:03:17,26
475,nwright,Chelsea,Callahan,False,admin,2025-01-04T03:33:49,55
476,katie03,Alison,Ferrell,True,moderator,2025-01-03T07:51:00,131
477,trujillosean,Misty,Burns,False,admin,2025-01-06T00:35:39,103
478,amanda81,Jeffrey,Landry,True,moderator,2025-01-04T12:12:22,87
479,debrafisher,William,Martinez,True,moderator,2025-01-08T16:02:55,141
480,haley78,Brooke,Sanchez,True,admin,2025-01-11T02:49:34,158
481,katie53,Jennifer,Blankenship,True,member,2025-01-28T09:27:06,179
482,emily48,Andrea,Lee,True,moderator,2025-01-28T15:52:39,176
483,bradleyanita,Mary,Williams,False,admin,2025-01-18T03:30:16,181
484,bradbyrd,Penny,Morrison,False,member,2025-01-10T21:29:10,14
485,ross00,Carlos,Kelley,True,member,2025-01-14T11:39:58,42
486,scott24,Debra,Becker,True,member,2025-01-18T07:44:50,100
487,williamsanders,Timothy,Hayes,False,member,2025-01-09T04:03:12,163
488,lisa20,Eric,Carter,False,admin,2025-01-10T22:37:11,2
489,jeffrey52,Maria,Armstrong,True,admin,2025-01-17T03:23:13,24
490,ronaldmason,Jennifer,Smith,True,admin,2025-01-16T09:07:49,38
491,sandersbreanna,Alan,Smith,True,admin,2025-01-24T10:09:20,121
492,brian53,Matthew,Cordova,True,member,2025-01-13T09:45:21,154
493,cynthiarobertson,Danny,Dunlap,True,member,2025-01-15T07:26:05,112
494,audreyking,Bethany,Shannon,False,moderator,2025-01-03T06:57:43,23
495,bmiller,Heather,Banks,False,member,2025-01-16T02:55:07,17
496,fisherlinda,Ronald,Vasquez,False,member,2025-01-26T11:57:18,68
497,chaveznicole,Katherine,Santiago,False,moderator,2025-01-15T00:52:19,57
498,qhernandez,Randy,Maldonado,True,admin,2025-01-27T22:17:23,95
499,twalton,Austin,Russell,True,admin,2025-01-09T01:14:03,21
500,oreid,Kristina,Harris,False,admin,2025-01-03T13:47:33,156
501,andrea13,Elizabeth,Smith,True,admin,2025-01-18T06:41:07,10
502,stephaniebrown,Devon,Carter,True,admin,2025-01-29T02:51:14,186
503,diane32,Robert,Huber,False,moderator,2025-01-09T17:13:01,99
504,myerskim,Charles,Baker,True,moderator,2025-01-14T11:55:13,103
505,jamesmarcus,Melinda,Hoffman,False,admin,2025-01-01T20:24:12,158
506,fuentestammy,Jason,Obrien,True,member,2025-01-26T15:01:15,168
507,brandtjessica,Jeffery,Riley,True,member,2025-01-20T06:49:51,134
508,kenneth40,Jonathan,Ferguson,False,member,2025-01-13T13:46:18,74
509,warnermarcia,Kathleen,Anderson,False,moderator,2025-01-23T06:05:33,183
510,griffinrachel,Leslie,Lee,True,member,2025-01-11T08:12:22,153
511,kara37,Kimberly,Kelley,True,moderator,2025-01-04T15:48:41,15
512,vjohnston,Linda,Clark,False,admin,2025-01-22T14:59:15,199
513,brandon05,Elizabeth,Simon,False,member,2025-01-10T22:28:15,45
514,patricia01,Tina,Lopez,True,member,2025-01-02T14:58:22,164
515,paul42,Jessica,Chaney,True,admin,2025-01-21T23:10:17,127
516,gmorales,Emily,Martin,False,admin,2025-01-19T19:15:53,113
517,keithhood,Anna,Riddle,True,member,2025-01-26T18:37:22,3
518,mwise,Bryan,Rodriguez,True,member,2025-01-11T02:19:19,52
519,bethturner,Karen,Rivers,False,member,2025-01-18T06:23:45,169
520,mwhite,David,Taylor,False,member,2025-01-18T21:12:00,133
521,sandrawu,Joanne,Lara,True,member,2025-01-12T12:49:34,74
522,elliottronald,Benjamin,Kidd,False,moderator,2025-01-20T21:28:09,50
523,larry77,Elizabeth,Brown,False,member,2025-01-11T00:46:21,9
524,ypowell,Timothy,Peck,False,member,2025-01-25T15:57:30,154
525,wernerdeborah,Rachel,Morgan,True,moderator,2025-01-27T05:55:04,131
526,olsonjacqueline,Chad,Stewart,False,admin,2025-01-19T12:10:48,133
527,rodriguezjoseph,Ashley,Frazier,True,admin,2025-01-09T00:04:31,179
528,stephanie21,Kyle,Ellison,True,admin,2025-01-02T05:28:09,60
529,thomasjustin,Elizabeth,Olson,True,moderator,2025-01-13T19:33:31,158
530,kellycalhoun,Gary,Brown,True,moderator,2025-01-09T20:14:34,44
531,amber98,Kenneth,Hendrix,False,admin,2025-01-08T19:35:06,173
532,harrisonrhonda,Laura,Anderson,True,admin,2025-01-17T23:03:32,10
533,abeck,Jim,Kaufman,True,admin,2025-01-22T00:05:25,93
534,debbieflynn,Marcus,Curry,True,member,2025-01-11T23:21:54,62
535,david66,Brian,Ellis,False,moderator,2025-01-04T20:27:29,168
536,knelson,Natalie,Mathis,False,member,2025-01-13T02:32:43,1
537,cwall,Andrea,Higgins,False,moderator,2025-01-04T12:10:48,41
538,mollydixon,Joseph,Gardner,False,moderator,2025-01-05T19:21:02,23
539,jeffrey53,Valerie,Harris,False,member,2025-01-01T21:43:15,71
540,smithjohn,Paula,Lee,True,admin,2025-01-28T02:19:38,200
541,clarkalyssa,Jeremy,Brown,True,moderator,2025-01-04T14:37:30,103
542,lindsay60,Christine,Hunt,False,member,2025-01-07T03:30:48,91
543,garciadanny,Melinda,Santiago,True,member,2025-01-18T23:09:55,172
544,esparzaamanda,Joshua,Blair,False,moderator,2025-01-04T07:31:27,102
545,navarrosophia,Christopher,Blair,True,admin,2025-01-04T08:15:37,104
546,carlsontammy,Monica,Mcdonald,True,moderator,2025-01-08T20:39:01,151
547,xbarnett,Lucas,Tran,True,moderator,2025-01-09T05:17:22,52
548,kenneth11,Katherine,Dean,False,admin,2025-01-14T12:17:25,133
549,sbrown,Dustin,Gray,False,member,2025-01-03T20:20:48,4
550,shanenunez,Catherine,Bates,True,member,2025-01-27T07:38:20,189
551,rhernandez,Lisa,Moore,False,admin,2025-01-19T10:31:23,181
552,gary17,Jason,Wilson,False,member,2025-01-19T20:49:43,18
553,fjohnson,Theresa,Mcgrath,True,member,2025-01-25T20:28:09,24
554,xthomas,Emily,Kim,True,admin,2025-01-19T13:41:40,141
555,gregoryclark,Javier,Page,True,admin,2025-01-21T21:19:15,73
556,djohnson,Aaron,Morris,True,member,2025-01-12T21:47:24,186
557,daniel94,Connor,Cervantes,False,moderator,2025-01-14T21:29:41,144
558,ramirezmichael,Regina,Nelson,True,member,2025-01-18T01:21:36,150
559,gillraymond,Sabrina,Jenkins,False,admin,2025-01-17T12:56:09,90
560,jeanettewilson,Dylan,Williams,True,moderator,2025-01-06T13:31:20,89
561,smithkelly,Christopher,Gonzalez,False,moderator,2025-01-04T17:59:46,71
562,kavila,Norman,Tran,True,moderator,2025-01-20T18:32:38,58
563,hillsteven,Darren,Wilson,True,moderator,2025-01-21T22:42:57,156
564,joseph28,Jessica,Pratt,True,moderator,2025-01-21T04:04:19,50
565,epatton,Lisa,Brewer,True,moderator,2025-01-19T11:24:46,117
566,johnmartinez,Rachel,Jefferson,True,moderator,2025-01-12T17:09:51,104
567,maryrojas,Rachel,Price,True,admin,2025-01-04T20:46:54,148
568,lisa36,Jose,Harris,False,moderator,2025-01-23T07:10:02,2
569,gutierrezdesiree,Carol,Schroeder,False,member,2025-01-19T22:16:58,67
570,brandi97,Jeffery,Gregory,False,moderator,2025-01-23T19:53:17,45
571,kennethnixon,Samantha,Miller,True,moderator,2025-01-24T18:32:18,105
572,wmalone,Dawn,Escobar,False,moderator,2025-01-09T23:27:21,130
573,allenkenneth,Christopher,Robinson,True,moderator,2025-01-18T19:23:58,28
574,bradley40,Jennifer,Peterson,False,moderator,2025-01-28T12:03:11,144
575,fwalls,Alexandra,Ruiz,True,admin,2025-01-17T19:53:57,19
576,phernandez,Kristin,Bishop,True,member,2025-01-21T03:52:23,129
577,patrickolson,Jacob,Sullivan,False,moderator,2025-01-27T14:35:37,76
578,sean28,Kathleen,Walters,False,moderator,2025-01-22T12:01:31,88
579,awallace,Sheri,Garcia,False,admin,2025-01-04T07:23:18,30
580,taylorsherri,Cheryl,Davidson,True,member,2025-01-12T13:06:08,132
581,gail40,Melissa,Herring,False,member,2025-01-20T18:03:38,66
582,pittsalec,Amy,Rivera,True,moderator,2025-01-08T16:16:36,138
583,bcherry,Steven,Silva,False,moderator,2025-01-22T02:50:15,148
584,amartinez,Paul,Ramos,False,moderator,2025-01-17T04:46:02,65
585,lmiles,Tonya,White,False,member,2025-01-12T20:37:29,178
586,seandavis,Kenneth,Thornton,True,admin,2025-01-19T18:28:20,114
587,dnguyen,Joseph,Perry,False,moderator,2025-01-14T20:03:23,97
588,scottkimberly,Sandra,Rogers,True,moderator,2025-01-10T19:57:36,145
589,shannonbryan,Jennifer,Smith,False,admin,2025-01-11T22:58:52,124
590,christopher85,Jessica,Wilson,True,admin,2025-01-15T17:40:15,198
591,williamburns,Stephen,Faulkner,False,moderator,2025-01-15T16:09:36,63
592,pford,Bryan,Smith,True,admin,2025-01-06T14:54:24,194
593,emma37,Diana,Ortiz,True,moderator,2025-01-17T22:39:52,87
594,raymondsmith,Meghan,Stewart,True,member,2025-01-05T05:25:47,199
595,oweber,Miranda,Rocha,True,member,2025-01-26T17:37:11,118
596,randallgarcia,Michael,Thompson,True,admin,2025-01-16T02:32:37,175
597,timothy50,Jonathan,Williamson,True,admin,2025-01-24T11:27:14,118
598,tedwards,Sandra,Alexander,True,member,2025-01-03T17:42:47,151
599,mercadoscott,Mark,Jones,True,member,2025-01-29T00:48:03,8
600,michael56,Katherine,Wallace,False,admin,2025-01-06T20:15:27,124
601,stephanie24,David,Tran,False,member,2025-01-23T01:33:00,30
602,mariah60,John,Howard,False,member,2025-01-07T11:27:39,67
603,halljoseph,Sandra,Young,True,admin,2025-01-12T06:14:23,18
604,wnorman,Adrian,Daniels,True,moderator,2025-01-01T12:43:15,98
605,christian28,Stephanie,Crane,True,admin,2025-01-06T17:10:59,163
606,smitchell,Kelly,Potter,False,moderator,2025-01-06T14:16:10,57
607,wmccall,Pedro,Klein,True,moderator,2025-01-08T05:15:08,174
608,pamela57,Gabriel,Brown,False,member,2025-01-18T12:16:27,180
609,bradleyanthony,Kelly,Olson,True,member,2025-01-08T06:22:48,59
610,jeffreyjacobs,James,Stephens,False,admin,2025-01-23T04:12:28,81
611,moralesangela,Tina,Carrillo,False,admin,2025-01-01T08:44:37,106
612,coopergeorge,Eric,Park,False,member,2025-01-14T22:18:44,91
613,kathleen40,Jacqueline,Warner,True,member,2025-01-16T00:54:33,133
614,rickymills,Andrea,Salinas,False,moderator,2025-01-19T20:15:51,138
615,quinncameron,Linda,Gardner,True,member,2025-01-08T12:46:12,3
616,ostone,Craig,Morris,True,admin,2025-01-26T20:00:45,180
617,allenjohn,Veronica,Harris,True,member,2025-01-15T03:28:56,68
618,torreslisa,Maria,Campos,True,member,2025-01-19T06:02:07,64
619,charris,Tammy,Cox,True,member,2025-01-26T02:30:37,74
620,padams,Ryan,Curry,False,admin,2025-01-29T01:34:11,24
621,dannyvelez,Kevin,Mcdonald,True,member,2025-01-12T10:08:23,103
622,derek26,Melissa,Hayden,False,moderator,2025-01-28T14:24:36,173
623,angela16,Cynthia,York,False,moderator,2025-01-17T01:11:53,192
624,campbellryan,Logan,Gomez,False,admin,2025-01-12T19:31:40,88
625,darryl43,Maria,Hawkins,False,admin,2025-01-10T02:42:56,20
626,richard32,Mallory,Mccann,True,member,2025-01-11T02:28:19,142
627,hensleybrad,Kristi,Spencer,False,member,2025-01-01T12:29:20,46
628,jorge20,Clarence,Ramirez,True,admin,2025-01-03T12:58:07,122
629,whitneypatrick,Jeremy,Lopez,False,moderator,2025-01-11T12:48:53,81
630,josecowan,Kayla,Ford,True,moderator,2025-01-28T03:37:33,91
631,emily92,Maria,Bradley,False,admin,2025-01-15T19:25:16,56
632,mooreanthony,Timothy,Gilmore,False,admin,2025-01-17T16:08:18,147
633,samantha87,Anna,Williams,True,moderator,2025-01-17T03:09:29,69
634,monique81,Lacey,Thompson,False,moderator,2025-01-20T17:51:16,47
635,davidcunningham,Samuel,Gilmore,False,moderator,2025-01-08T07:48:03,192
636,andersonpeter,Andrea,Petty,False,member,2025-01-25T08:16:13,175
637,campbellisaiah,Cassandra,Sims,True,moderator,2025-01-05T18:06:39,49
638,stephensontina,Sean,Phillips,True,moderator,2025-01-07T03:54:05,128
639,archerbradley,David,Jackson,True,admin,2025-01-08T15:26:34,189
640,zbarajas,Jimmy,Hart,True,moderator,2025-01-27T06:21:50,52
641,donnacarlson,Julian,Baker,False,moderator,2025-01-28T19:14:36,61
642,daltoncandace,Linda,Harrell,True,member,2025-01-05T05:04:20,189
643,williamssarah,Elizabeth,Cole,True,member,2025-01-04T22:29:08,62
644,coryortega,Lucas,Arroyo,False,member,2025-01-19T18:20:59,68
645,anthony09,Aaron,Williams,True,admin,2025-01-21T12:01:45,53
646,wallssteven,Andre,Duffy,False,admin,2025-01-12T02:21:19,59
647,reginanewman,Christopher,Marquez,True,member,2025-01-10T07:28:59,52
648,teresa47,Karen,Scott,False,member,2025-01-11T06:24:32,64
649,gordonruben,Crystal,Davis,False,moderator,2025-01-20T03:32:41,159
650,brandonrowe,William,Chapman,True,moderator,2025-01-11T21:47:50,92
651,vstewart,Justin,Schwartz,True,moderator,2025-01-21T04:28:58,40
652,wadebryan,Jacob,Sullivan,True,member,2025-01-15T08:46:21,200
653,sonya17,Allen,Melendez,False,moderator,2025-01-11T05:08:52,28
654,courtney03,David,Holmes,False,moderator,2025-01-05T15:50:20,31
655,williewilson,Daniel,Wilkins,True,member,2025-01-02T10:27:37,21
656,carsonbrian,Kathleen,Foley,True,moderator,2025-01-28T09:51:31,174
657,jeremiah47,Ashlee,Ferguson,False,member,2025-01-16T15:55:21,170
658,charles20,Derrick,Mckenzie,True,admin,2025-01-10T01:00:50,127
659,nmorton,Drew,Campbell,True,admin,2025-01-10T07:37:17,158
660,charles40,Rachel,Nelson,True,moderator,2025-01-24T07:37:15,2
661,kochjason,Stephanie,Santos,False,admin,2025-01-20T02:29:57,196
662,qmoreno,Jessica,Rogers,False,admin,2025-01-24T15:22:17,139
663,joshua25,Lisa,Howell,False,member,2025-01-10T01:31:34,11
664,michael15,Anthony,Lee,True,member,2025-01-09T09:02:07,124
665,richardsonchristopher,Jillian,Walters,True,moderator,2025-01-21T17:59:32,96
666,lisasimmons,Shawn,Gibson,True,member,2025-01-15T14:59:18,159
667,thomaslynch,William,Jones,False,moderator,2025-01-22T14:26:56,81
668,heatherclark,Jessica,Howard,True,moderator,2025-01-01T08:44:26,127
669,figueroapaul,Cassandra,Mercer,True,member,2025-01-13T01:48:18,148
670,zbrown,Ashley,Keller,False,moderator,2025-01-27T08:30:07,71
671,christopherwhitney,Kevin,Johnson,True,admin,2025-01-20T11:31:38,126
672,phillipmoreno,Eric,Shaw,True,admin,2025-01-06T12:47:05,47
673,wdecker,Charles,Martinez,False,admin,2025-01-13T09:40:15,196
674,michael59,James,Adams,False,member,2025-01-02T18:29:58,131
675,gonzalezcarlos,Carol,Lopez,False,admin,2025-01-04T10:37:24,72
676,tamara53,Barbara,Singleton,False,moderator,2025-01-22T08:16:21,102
677,devincarter,Brian,Garcia,False,moderator,2025-01-01T07:21:04,57
678,rrivers,Gina,Williams,False,moderator,2025-01-05T12:28:36,193
679,scottstephanie,Kelly,Delgado,False,member,2025-01-25T11:50:38,148
680,emcclain,Patricia,Pacheco,False,admin,2025-01-07T01:08:21,33
681,amanda83,Rhonda,Hurley,True,member,2025-01-22T14:56:00,14
682,philipjohnson,Seth,Hayes,True,moderator,2025-01-14T14:53:48,135
683,karenpatel,Lindsey,Pierce,True,admin,2025-01-07T23:15:27,109
684,jackgarcia,Tiffany,Delacruz,True,admin,2025-01-17T05:49:54,123
685,shannonneal,Paige,Moore,True,admin,2025-01-27T04:30:20,139
686,dixonabigail,Tanya,Cook,True,member,2025-01-24T08:24:48,9
687,ulane,Michelle,Mahoney,True,admin,2025-01-05T07:07:30,129
688,achavez,Richard,Jones,True,member,2025-01-09T16:14:12,89
689,mrice,Courtney,Ortega,False,admin,2025-01-28T13:01:28,101
690,michaelmartin,Jennifer,Parks,False,moderator,2025-01-20T18:52:15,176
691,austingillespie,Sara,Mora,False,member,2025-01-15T22:48:23,199
692,martinnatalie,Jerome,Griffin,False,admin,2025-01-19T04:05:21,45
693,gsharp,Mark,Calderon,True,member,2025-01-07T22:10:24,118
694,steven72,Brandy,Johnson,False,admin,2025-01-22T17:25:54,31
695,grojas,Christopher,Morrison,True,moderator,2025-01-16T04:20:47,179
696,martintina,Heather,Stone,False,moderator,2025-01-11T13:01:04,133
697,fitzpatrickleslie,Stephanie,Howard,False,moderator,2025-01-27T16:59:23,118
698,hansentheodore,Amanda,Hood,False,admin,2025-01-21T23:47:44,81
699,kaylawheeler,Barbara,Jenkins,False,member,2025-01-20T02:35:19,177
700,paul91,Christine,Cox,True,member,2025-01-19T21:42:48,3
701,theresadavis,Erica,Green,True,moderator,2025-01-29T01:52:14,4
702,brian49,Norman,Haley,True,moderator,2025-01-02T06:48:39,173
703,jacquelinemcbride,Shelby,Morgan,False,moderator,2025-01-23T08:01:28,54
704,shawn05,Tiffany,Robinson,True,admin,2025-01-28T03:55:33,98
705,christinerichardson,Kyle,Parks,True,member,2025-01-27T11:05:07,149
706,iwebb,Sarah,Thompson,False,admin,2025-01-22T04:07:17,26
707,cruzeric,Lisa,Cunningham,True,moderator,2025-01-27T21:14:54,84
708,rogerhudson,Sylvia,Burch,True,moderator,2025-01-16T15:30:26,93
709,heidi68,Curtis,Cortez,True,admin,2025-01-27T09:20:33,157
710,vincent61,Brian,Molina,False,moderator,2025-01-14T20:57:08,67
711,bishoppatricia,Annette,Baker,False,member,2025-01-08T04:57:32,48
712,otaylor,Madison,Willis,True,moderator,2025-01-17T22:48:09,141
713,anita90,Donna,Watson,False,member,2025-01-11T12:19:10,68
714,wilsonjustin,Regina,Bryant,False,moderator,2025-01-27T23:21:44,61
715,qmoore,Christina,Richardson,True,admin,2025-01-27T21:15:06,69
716,coxveronica,Karen,Patterson,True,moderator,2025-01-18T22:32:51,121
717,robyntaylor,Cody,Lewis,False,moderator,2025-01-02T12:30:09,157
718,phoward,Selena,Walker,False,admin,2025-01-03T23:41:25,88
719,zacharysmith,Michael,Baker,True,moderator,2025-01-24T22:47:09,94
720,jessicasmith,Kimberly,Mills,True,admin,2025-01-10T23:20:37,48
721,perkinslisa,David,Day,False,admin,2025-01-15T16:12:13,128
722,crivera,Katrina,Vaughn,True,member,2025-01-12T12:58:57,109
723,marcus13,Barbara,Rogers,True,moderator,2025-01-14T07:45:03,54
724,allendonna,Robin,Williams,True,moderator,2025-01-02T12:06:44,108
725,qunderwood,Marcus,Cook,True,moderator,2025-01-18T00:42:56,180
726,karen38,Terri,Lucas,True,member,2025-01-03T05:18:35,193
727,crystalquinn,Melissa,Fields,True,moderator,2025-01-03T01:22:58,96
728,xserrano,Sierra,Booker,True,member,2025-01-26T20:41:02,94
729,greg95,Dawn,Smith,True,member,2025-01-09T00:24:12,103
730,brian20,Darren,Novak,False,moderator,2025-01-27T16:53:17,72
731,calebhill,Katelyn,Davidson,False,moderator,2025-01-05T11:56:48,116
732,cwerner,Richard,Monroe,True,admin,2025-01-25T01:10:39,47
733,carrie03,Abigail,Freeman,False,member,2025-01-01T17:42:09,147
734,kevin82,Stacy,Jimenez,True,member,2025-01-16T09:11:07,34
735,gilbertgeorge,Ryan,Gutierrez,True,member,2025-01-21T23:12:12,148
736,lindsey10,Debra,Lloyd,True,member,2025-01-25T22:27:08,176
737,saundersjeremiah,Lisa,Williams,True,member,2025-01-01T16:29:11,59
738,bartonmatthew,Melissa,Howe,False,admin,2025-01-09T05:04:30,26
739,robinsondanny,Jennifer,Larson,True,admin,2025-01-11T19:42:07,185
740,brewerrita,Matthew,Farley,True,member,2025-01-07T03:42:06,70
741,ewebb,Robert,Carlson,False,moderator,2025-01-29T05:31:19,61
742,jennifer21,David,Mills,True,moderator,2025-01-18T17:38:26,143
743,ctorres,Vanessa,Barber,True,moderator,2025-01-20T10:06:59,111
744,victoria95,Danielle,Lamb,False,moderator,2025-01-13T10:34:25,98
745,whitedalton,Bruce,Meyer,True,member,2025-01-08T22:52:26,51
746,williamsandoval,Bryan,Dennis,True,moderator,2025-01-26T18:44:01,38
747,brownjeffrey,Deborah,Garcia,False,moderator,2025-01-27T21:30:19,190
748,williamcunningham,Susan,Reyes,False,member,2025-01-26T14:34:27,39
749,lortiz,Kayla,Ewing,False,moderator,2025-01-20T01:48:01,122
750,bradfordbrooke,Alexander,Ramos,True,moderator,2025-01-02T01:03:07,3
751,oconnortina,Rebecca,Cannon,False,moderator,2025-01-21T22:25:12,46
752,misty07,Margaret,Walsh,False,moderator,2025-01-27T12:23:36,108
753,teresa14,Maria,Andersen,True,admin,2025-01-17T04:32:55,128
754,jenkinssarah,Jeffrey,Day,False,admin,2025-01-14T12:59:47,35
755,wwheeler,Christopher,Bender,True,admin,2025-01-05T05:56:28,162
756,ryanali,Jesse,Carpenter,True,moderator,2025-01-24T15:37:03,133
757,qcollins,Kayla,Johnson,False,moderator,2025-01-21T01:42:10,137
758,tmartin,Ryan,Jennings,False,member,2025-01-28T19:20:54,185
759,plawson,Molly,Hunter,False,moderator,2025-01-27T01:34:43,81
760,fowlercaitlin,Michelle,Maddox,True,member,2025-01-05T15:55:19,125
761,millsjohn,Justin,Miranda,True,moderator,2025-01-20T13:36:08,77
762,whitejanet,Bobby,Hill,True,admin,2025-01-05T21:47:31,65
763,wferguson,Kristina,Hartman,False,moderator,2025-01-25T00:54:17,144
764,agarcia,Linda,Peters,False,moderator,2025-01-19T07:22:36,146
765,cstewart,Kimberly,Castillo,False,admin,2025-01-20T19:02:08,13
766,randallthomas,Robert,Peterson,False,moderator,2025-01-05T04:01:11,102
767,qstewart,Patrick,Lee,True,moderator,2025-01-20T03:46:01,26
768,ejohnson,Rachael,Hunter,True,moderator,2025-01-16T02:03:19,177
769,john90,Laura,Davidson,False,moderator,2025-01-23T05:23:09,42
770,hartkaitlyn,Diane,Rogers,False,member,2025-01-22T20:56:24,16
771,plara,Kelly,Ward,True,moderator,2025-01-23T19:31:37,56
772,umartin,Melissa,Thomas,False,admin,2025-01-07T14:53:57,66
773,gary87,Carolyn,Miller,True,member,2025-01-12T06:15:31,122
774,garcialucas,Bobby,Smith,True,moderator,2025-01-27T05:20:51,162
775,justin73,Caroline,Burke,True,member,2025-01-24T12:54:54,25
776,david30,Albert,Williams,False,moderator,2025-01-27T15:44:57,116
777,vchase,Jessica,Kelley,False,moderator,2025-01-16T06:41:54,191
778,fernando07,Jeremy,Hammond,False,moderator,2025-01-01T23:41:58,86
779,beckysanchez,Jacob,Owens,False,moderator,2025-01-13T23:15:09,67
780,roberthall,Cindy,Gonzales,False,member,2025-01-21T07:44:26,93
781,jillescobar,Helen,Harrison,False,moderator,2025-01-12T21:05:46,93
782,thomas92,Robert,Harris,False,moderator,2025-01-18T19:14:57,144
783,kmartin,Michael,Maynard,False,moderator,2025-01-12T22:28:53,143
784,xanderson,Aaron,Ortiz,True,member,2025-01-22T17:42:16,66
785,davisanna,William,Mckee,True,member,2025-01-27T19:53:24,89
786,scottpope,Natalie,Boyd,False,admin,2025-01-02T02:17:27,6
787,yjohnson,Ethan,Lopez,True,moderator,2025-01-16T06:51:36,106
788,millerdevon,Joy,Day,True,admin,2025-01-02T19:22:19,32
789,walkerchelsea,Antonio,Meza,False,admin,2025-01-07T10:30:42,90
790,emilycollins,Kim,Mccoy,True,member,2025-01-01T18:44:10,174
791,davidsolis,Felicia,Herrera,False,admin,2025-01-08T16:47:07,156
792,jamietapia,Brian,Gillespie,False,admin,2025-01-11T03:19:23,51
793,toni65,Gregory,Davis,True,moderator,2025-01-27T10:30:40,148
794,douglas84,Geoffrey,Bolton,True,admin,2025-01-01T13:39:48,148
795,yolanda21,Erik,Conner,True,admin,2025-01-19T14:16:32,167
796,aprilhendricks,John,Rodriguez,True,member,2025-01-25T00:01:08,167
797,dbeck,Mark,Nguyen,True,admin,2025-01-26T18:38:45,138
798,mcbridemichael,Andrew,Thomas,False,member,2025-01-13T05:53:47,45
799,xweiss,Mark,Downs,True,moderator,2025-01-18T12:26:55,200
800,ryan57,Tyler,Garcia,True,member,2025-01-23T22:50:25,73
801,nancywood,Victor,Robinson,False,admin,2025-01-28T10:49:31,91
802,patricia42,Anna,King,False,admin,2025-01-14T02:29:02,84
803,mirandacindy,Heidi,Smith,True,moderator,2025-01-16T23:38:40,173
804,krausecrystal,Sarah,Jones,True,member,2025-01-03T23:22:48,131
805,robert80,Brian,Todd,True,admin,2025-01-11T14:47:59,125
806,richard98,Tina,Davidson,False,moderator,2025-01-05T00:51:04,199
807,arobinson,Renee,Mendez,False,admin,2025-01-25T14:47:53,189
808,lhamilton,Amber,Townsend,True,member,2025-01-21T15:44:42,115
809,carrilloleah,Matthew,King,False,member,2025-01-18T20:05:41,21
810,margaret33,Laura,Graves,True,admin,2025-01-28T13:00:44,98
811,gmoore,Charles,Johnson,True,moderator,2025-01-04T09:19:10,158
812,dean23,Shawn,Nielsen,False,moderator,2025-01-07T11:58:58,74
813,nicholsonalicia,Maria,Shelton,False,moderator,2025-01-16T12:47:08,119
814,derek59,Kristina,Ryan,True,moderator,2025-01-12T05:46:48,162
815,fgolden,Reginald,Elliott,False,admin,2025-01-20T10:24:23,38
816,ryancook,Kari,Nguyen,True,moderator,2025-01-19T16:41:44,43
817,bettylane,Samantha,Lewis,True,moderator,2025-01-03T17:02:13,164
818,shawnmendez,William,Watts,True,moderator,2025-01-04T05:17:29,87
819,patriciathompson,Michael,Jones,True,member,2025-01-14T00:03:50,108
820,rguzman,Tyler,Walker,True,admin,2025-01-02T13:38:47,162
821,bayala,Kayla,Morrison,True,moderator,2025-01-22T18:14:02,157
822,jessicamoss,Paul,Walker,False,moderator,2025-01-07T05:34:07,147
823,alanclark,Michael,Harrison,True,member,2025-01-24T13:19:20,104
824,samuel48,Lydia,Gonzales,False,moderator,2025-01-09T07:25:50,19
825,ronald25,Kristi,Fox,True,moderator,2025-01-16T09:53:00,21
826,watkinsrhonda,Samuel,Doyle,True,admin,2025-01-15T13:13:31,42
827,lbolton,Elizabeth,Brooks,False,member,2025-01-22T18:55:04,88
828,eugene38,Angie,Webster,True,member,2025-01-13T17:00:27,59
829,bparker,Theodore,Young,False,member,2025-01-06T15:22:54,81
830,phillipserica,Ronnie,Moore,True,moderator,2025-01-04T04:08:23,82
831,nlewis,Nancy,Palmer,True,member,2025-01-11T05:14:36,168
832,aliciawright,Megan,Chase,True,moderator,2025-01-22T18:21:44,75
833,qcarter,David,Strickland,True,admin,2025-01-21T02:46:41,182
834,isaac46,Barry,Chandler,True,admin,2025-01-07T19:23:52,69
835,steven30,Robert,Hunt,False,moderator,2025-01-20T01:24:28,155
836,ryan45,Ronald,Torres,True,member,2025-01-11T11:49:52,166
837,tonya14,Cynthia,Allen,False,admin,2025-01-26T19:06:31,102
838,ashleyjohnson,Anita,Turner,False,moderator,2025-01-07T18:29:45,70
839,christinahill,Ronald,Boyd,True,member,2025-01-28T14:16:20,114
840,wwilliams,Frank,Carter,False,admin,2025-01-12T12:19:34,200
841,ginajimenez,Kristi,Jones,False,moderator,2025-01-14T00:10:09,93
842,melissamiller,Gregory,Brown,False,moderator,2025-01-05T10:24:14,192
843,lopezchad,Amy,Jackson,True,moderator,2025-01-09T03:19:05,151
844,wrightjacob,Hannah,Bowman,True,moderator,2025-01-20T07:08:51,134
845,bradleysparks,Grant,Rogers,False,member,2025-01-12T19:11:42,116
846,timothy40,Nicholas,Mora,False,moderator,2025-01-20T10:47:12,106
847,jerrycummings,Rachel,Thornton,False,moderator,2025-01-06T04:50:40,43
848,justin93,Amy,Armstrong,True,moderator,2025-01-18T08:11:29,48
849,gordonlori,Kara,Massey,False,moderator,2025-01-18T20:37:00,6
850,travisbrandon,Paul,Salas,True,admin,2025-01-04T03:38:10,33
851,jasonjones,Jeffrey,Mason,True,moderator,2025-01-26T05:17:38,187
852,mrobinson,Andrea,Wolfe,False,admin,2025-01-24T22:44:27,61
853,millermatthew,James,Beck,False,member,2025-01-10T19:19:55,170
854,dennis81,Craig,Jennings,False,member,2025-01-06T03:53:30,65
855,lrowland,Mckenzie,Rogers,True,admin,2025-01-09T18:04:03,191
856,robertjackson,Dennis,Lewis,True,moderator,2025-01-19T22:04:44,180
857,stonerobert,Susan,Clark,True,admin,2025-01-08T18:22:33,192
858,kimberly30,Robert,Jones,False,admin,2025-01-08T08:57:10,21
859,cblack,Brandon,Wilson,True,admin,2025-01-05T05:50:28,54
860,wesleyperez,Melinda,Gibson,True,moderator,2025-01-18T07:10:52,43
861,glewis,Jacob,Bowman,False,moderator,2025-01-08T20:13:03,102
862,michelle24,Timothy,Ali,True,admin,2025-01-22T09:02:48,27
863,agreen,Michael,Chavez,True,member,2025-01-12T15:51:40,25
864,adam82,Donald,Baker,False,admin,2025-01-28T03:41:15,17
865,gomezthomas,Jessica,Foster,True,member,2025-01-27T07:46:47,122
866,chapmannathan,Calvin,Cohen,False,member,2025-01-29T07:19:21,141
867,kaitlynevans,Michael,Haney,True,moderator,2025-01-08T00:48:40,14
868,elizabeth65,Cynthia,Pollard,True,member,2025-01-01T04:32:17,7
869,nicholasthornton,Ann,Cook,False,admin,2025-01-16T06:51:02,198
870,kelly48,Nancy,Cantrell,False,admin,2025-01-13T00:39:07,102
871,xmckinney,Ronald,Hicks,True,moderator,2025-01-24T07:19:09,135
872,nroberts,David,Wilson,True,member,2025-01-19T14:54:00,196
873,udelacruz,Aaron,Howell,False,admin,2025-01-25T20:53:47,22
874,uhobbs,Daniel,Phelps,False,member,2025-01-04T06:14:29,27
875,jaredjohnson,Danielle,Brown,True,member,2025-01-04T08:41:41,68
876,kim86,Craig,Rose,False,moderator,2025-01-09T08:35:57,159
877,cameron08,Jill,Nelson,True,admin,2025-01-12T12:05:29,40
878,lisaewing,Elizabeth,Blankenship,True,admin,2025-01-15T08:44:51,22
879,laura34,Amanda,Henry,True,admin,2025-01-22T06:07:55,168
880,rosecarolyn,Sharon,Parker,False,member,2025-01-19T22:43:14,100
881,seth11,Robin,Williams,False,moderator,2025-01-21T22:25:10,80
882,lovebilly,Cynthia,Lopez,True,admin,2025-01-01T10:41:43,59
883,angela53,Judy,Carr,True,moderator,2025-01-20T09:36:03,64
884,peterwilson,Jennifer,Gomez,True,moderator,2025-01-20T19:58:17,189
885,michealeaton,Kyle,Gordon,False,moderator,2025-01-08T06:13:06,73
886,earnold,Elizabeth,English,False,member,2025-01-16T15:22:20,114
887,oscar70,Patricia,Morales,False,member,2025-01-21T08:34:29,161
888,aryan,Lori,Mitchell,True,moderator,2025-01-15T00:01:15,33
889,martinmoore,Tammy,Davis,False,moderator,2025-01-14T04:05:05,34
890,torreschristian,David,Morales,False,member,2025-01-05T11:25:45,135
891,ocole,Andrew,Hicks,False,admin,2025-01-21T14:38:13,44
892,ubuck,Samantha,Wagner,False,moderator,2025-01-11T01:11:42,8
893,loriguzman,Scott,Calderon,False,member,2025-01-27T21:03:26,9
894,joshua87,Ryan,Park,True,moderator,2025-01-13T19:30:47,170
895,zmayer,Caleb,Santos,False,admin,2025-01-27T17:03:03,92
896,bookerregina,Melissa,Mccoy,True,admin,2025-01-24T00:40:13,84
897,vasquezkevin,Robert,Palmer,True,moderator,2025-01-20T07:27:26,122
898,uboyd,Kimberly,Shepard,False,admin,2025-01-08T04:10:34,120
899,hstevenson,Jacob,Greene,True,moderator,2025-01-07T08:05:34,139
900,anthonyevans,Kiara,Martin,True,admin,2025-01-22T16:31:40,70
901,donnaowens,Danielle,Simon,False,member,2025-01-16T03:22:35,141
902,charlescunningham,Leah,Hanna,True,moderator,2025-01-14T05:57:53,114
903,josephjones,Elizabeth,Golden,False,moderator,2025-01-06T17:18:21,35
904,andre73,Shaun,Martin,False,member,2025-01-09T20:08:17,179
905,gregory91,Richard,Smith,True,admin,2025-01-13T21:23:10,139
906,sonya97,Kristin,Bird,True,member,2025-01-20T14:26:29,46
907,natalieguerra,Kimberly,Hartman,False,admin,2025-01-04T00:29:45,152
908,kathyhardin,Jennifer,Hart,True,admin,2025-01-23T13:53:33,153
909,michael16,Jessica,Henry,False,moderator,2025-01-28T05:59:33,117
910,mcohen,Gary,Hudson,True,member,2025-01-19T14:21:08,162
911,stephanie90,Melissa,Harris,True,member,2025-01-10T03:39:38,192
912,tphillips,Sierra,Keller,True,member,2025-01-19T12:30:02,163
913,garrettlisa,Derek,Warner,False,member,2025-01-12T05:22:26,145
914,woodsamy,Javier,Johnson,False,admin,2025-01-08T18:59:36,112
915,meganmoore,Donna,Cain,True,moderator,2025-01-13T10:40:42,135
916,rhall,Matthew,Sullivan,False,moderator,2025-01-11T07:30:49,164
917,jramos,Samantha,Thomas,True,member,2025-01-11T10:38:18,164
918,garymeyer,Kendra,Vega,False,moderator,2025-01-08T08:49:38,137
919,daniellethomas,Terrance,Roth,True,moderator,2025-01-07T17:40:42,80
920,william08,Christina,Ramirez,True,admin,2025-01-08T05:50:10,89
921,wbrennan,Richard,Smith,True,admin,2025-01-12T21:22:38,124
922,coopergina,Bryce,Dean,False,moderator,2025-01-06T22:15:38,139
923,colleen85,Andrew,Smith,True,member,2025-01-11T17:52:25,59
924,jwalters,Kathryn,Phillips,True,member,2025-01-07T01:28:32,23
925,beverly15,Wendy,Lloyd,False,admin,2025-01-18T08:32:01,114
926,hhaney,Jerry,Bell,False,moderator,2025-01-08T09:21:08,79
927,christopher25,Richard,Leon,False,moderator,2025-01-19T10:03:59,94
928,hansondawn,Dwayne,Roberts,False,moderator,2025-01-23T01:33:34,106
929,jamesadkins,Shawn,Dixon,True,admin,2025-01-27T18:30:16,67
930,kross,Kevin,Cook,True,admin,2025-01-20T22:33:48,40
931,sharpcolleen,Joann,Lynn,True,moderator,2025-01-25T12:08:25,78
932,caitlin15,Ryan,Smith,False,member,2025-01-21T20:39:40,3
933,michael20,Melissa,Sanchez,False,member,2025-01-13T23:36:21,1
934,dawn49,Elizabeth,French,True,admin,2025-01-04T15:04:51,134
935,robleserin,Kim,Miller,True,member,2025-01-04T06:50:39,195
936,maldonadotravis,Christina,King,False,member,2025-01-08T13:05:04,35
937,adamclark,Katherine,Hudson,True,moderator,2025-01-15T20:47:52,89
938,richard10,Heidi,Roberts,False,moderator,2025-01-15T00:29:11,74
939,kleincatherine,Amy,Nichols,True,member,2025-01-21T21:42:00,121
940,brian91,Daniel,Stark,False,admin,2025-01-06T11:40:57,137
941,johnjordan,Christine,Johnson,False,moderator,2025-01-12T14:26:00,3
942,robinsonandrew,John,Murray,True,member,2025-01-02T18:46:39,177
943,ewashington,Leslie,Parks,True,moderator,2025-01-02T23:29:58,126
944,adamjohnson,Carolyn,Gonzalez,True,moderator,2025-01-19T16:16:20,194
945,phunter,Donald,Miller,True,member,2025-01-12T13:35:55,123
946,anthony57,Andrew,Dyer,True,member,2025-01-20T20:28:46,77
947,parkerjacob,Phyllis,Monroe,False,admin,2025-01-25T22:54:20,3
948,henrypittman,Shelley,Sandoval,True,member,2025-01-14T10:07:35,197
949,balljesse,Christine,Brown,False,moderator,2025-01-12T20:35:02,111
950,derek14,Kristy,Perez,True,admin,2025-01-25T11:48:23,75
951,emma27,Lisa,Payne,False,member,2025-01-24T17:49:21,153
952,rbaldwin,Nicole,Maynard,False,moderator,2025-01-06T10:17:00,60
953,blanchardchelsea,Daniel,Greene,False,admin,2025-01-16T09:10:14,2
954,wandarodriguez,Nicole,Walker,False,admin,2025-01-21T10:43:54,141
955,katherinesmith,Ashley,Rogers,False,admin,2025-01-10T01:01:04,96
956,pcopeland,Gail,Hunt,True,moderator,2025-01-24T03:08:42,49
957,kellifoley,Eric,Tate,False,moderator,2025-01-02T20:49:14,106
958,barbarawright,Brittany,Miller,True,admin,2025-01-06T23:34:13,144
959,greencharles,Anthony,Lee,False,moderator,2025-01-23T04:39:55,112
960,garrett36,Steven,Miller,False,admin,2025-01-10T01:14:10,102
961,bryansmith,Sandra,Washington,False,admin,2025-01-05T03:52:10,64
962,pagejeremy,Cheryl,Brewer,True,moderator,2025-01-09T16:18:15,42
963,ywinters,William,Paul,False,moderator,2025-01-20T01:04:31,184
964,dalewilson,John,Turner,True,admin,2025-01-15T16:52:10,189
965,corey52,Jeffrey,Abbott,False,moderator,2025-01-17T22:24:52,166
966,frederick38,Derrick,Swanson,False,member,2025-01-29T02:12:00,100
967,larry16,Katelyn,Sanchez,False,admin,2025-01-18T10:36:37,97
968,qhernandez,Michael,Barnett,False,admin,2025-01-24T23:59:25,57
969,garciaelizabeth,Eric,Scott,True,moderator,2025-01-08T07:25:30,68
970,bonnie96,Kelly,Reed,False,moderator,2025-01-17T01:46:45,21
971,sotosara,Andrew,Page,True,moderator,2025-01-16T08:15:24,109
972,kevin04,Rebecca,Johnston,True,member,2025-01-03T13:06:33,161
973,ndalton,Stephen,Rogers,True,moderator,2025-01-25T10:37:42,62
974,hwilliams,Heather,Conley,True,admin,2025-01-04T09:11:46,133
975,tiffany77,Sheri,Lewis,False,moderator,2025-01-20T13:17:04,196
976,simmonssarah,Dawn,Hodge,False,moderator,2025-01-08T02:37:21,157
977,xgardner,Michael,Anderson,True,admin,2025-01-21T04:36:41,178
978,jacksondavid,Michael,Quinn,True,admin,2025-01-25T12:21:00,176
979,karenwashington,Nathan,Weaver,False,member,2025-01-02T01:34:11,70
980,pottermichael,Nicole,Vargas,False,moderator,2025-01-16T05:13:27,73
981,john20,Kevin,Nelson,False,member,2025-01-09T12:32:57,167
982,gillcurtis,Lisa,Martinez,True,admin,2025-01-19T05:42:04,191
983,rogersmichael,Ryan,Morgan,False,admin,2025-01-17T09:43:28,137
984,staffordheather,Roger,Powell,False,admin,2025-01-13T15:45:07,69
985,josephrogers,Lisa,Leonard,True,admin,2025-01-18T07:26:00,106
986,jeffreybarber,Keith,Preston,False,admin,2025-01-15T13:20:15,49
987,jeffreymann,Frank,Watkins,True,member,2025-01-25T07:00:57,18
988,davidrichards,Dale,Lam,True,moderator,2025-01-17T23:04:34,47
989,whitecathy,Rebecca,Stephens,True,admin,2025-01-13T00:52:02,35
990,ann92,Kelsey,Jackson,False,moderator,2025-01-06T05:14:19,75
991,justin54,Kristen,Peterson,True,admin,2025-01-16T20:09:18,29
992,elizabeth00,Teresa,Patterson,True,member,2025-01-21T17:06:14,164
993,terryjordan,Angela,Hall,True,member,2025-01-12T11:01:14,117
994,diane83,Nicole,Davis,True,member,2025-01-22T13:50:05,159
995,alexandermyers,Matthew,Gutierrez,True,member,2025-01-26T06:24:38,116
996,omorris,Kelly,Obrien,True,moderator,2025-01-23T06:17:06,70
997,joshua34,Carolyn,Lucas,False,member,2025-01-27T05:40:12,180
998,hartjeffrey,Joseph,Lee,True,member,2025-01-29T03:46:51,160
999,mblackwell,Jason,Ford,False,member,2025-01-04T23:17:03,126
1000,smithdavid,Luke,Jones,True,admin,2025-01-26T05:28:18,49
